32349,101.2872,-16.7161,-1.45,Sirius
30438,95.9880,-52.6957,-0.62,Canopus
69673,213.9153,19.1824,-0.05,Arcturus
71683,219.9021,-60.8340,-0.01,Rigil Kentaurus
91262,279.2347,38.7837,0.03,Vega
24608,79.1723,45.9980,0.08,Capella
24436,78.6345,-8.2016,0.18,Rigel
37279,114.8255,5.2250,0.4,Procyon
7588,24.4285,-57.2368,0.45,Achernar
27989,88.7929,7.4071,0.45,Betelgeuse
68702,210.9559,-60.3730,0.61,Hadar
97649,297.6958,8.8683,0.76,Altair
21421,68.9802,16.5093,0.87,Aldebaran
65474,201.2982,-11.1613,0.98,Spica
80763,247.3519,-26.4320,1.06,Antares
37826,116.3290,28.0262,1.16,Pollux
113368,344.4127,-29.6222,1.17,Fomalhaut
102098,310.3580,45.2803,1.25,Deneb
62434,191.9303,-59.6888,1.25,Mimosa
60718,186.6496,-63.0991,1.33,Acrux
71681,219.8961,-60.8375,1.35,Toliman
49669,152.0930,11.9672,1.36,Regulus
33579,104.6565,-28.9721,1.5,Adhara
61084,187.7915,-57.1132,1.59,Gacrux
25336,81.2828,6.3497,1.64,Bellatrix
25428,81.5730,28.6075,1.65,Elnath
45238,138.2999,-69.7172,1.67,Miaplacidus
26311,84.0534,-1.2019,1.69,Alnilam
109268,332.0583,-46.9610,1.73,Alnair
26727,85.1897,-1.9426,1.74,Alnitak
62956,193.5073,55.9598,1.76,Alioth
90185,276.0430,-34.3846,1.79,Kaus Australis
15863,51.0807,49.8612,1.79,Mirfak
54061,165.9320,61.7510,1.81,Dubhe
34444,107.0978,-26.3932,1.83,Wezen
67301,206.8852,49.3133,1.85,Alkaid
41037,125.6285,-59.5095,1.86,Avior
86228,264.3297,-42.9978,1.86,Sargas
28360,89.8822,44.9474,1.9,Menkalinan
82273,252.1662,-69.0277,1.91,Atria
31681,99.4280,16.3993,1.93,Alhena
100751,306.4119,-56.7351,1.94,Peacock
36850,113.6494,31.8883,1.98,Castor
30324,95.6749,-17.9559,1.98,Mirzam
46390,141.8968,-8.6586,1.99,Alphard
42913,131.1759,-54.7088,1.99,Alsephina
9884,31.7934,23.4624,2.01,Hamal
3419,10.8974,-17.9866,2.04,Diphda
92855,283.8164,-26.2967,2.05,Nunki
68933,211.6706,-36.3700,2.06,Menkent
677,2.0969,29.0904,2.07,Alpheratz
72607,222.6764,74.1555,2.07,Kochab
5447,17.4330,35.6206,2.07,Mirach
27366,86.9391,-9.6696,2.07,Saiph
86032,263.7336,12.5600,2.08,Rasalhague
85927,263.4022,-37.1038,2.08,Shaula
14576,47.0422,40.9556,2.09,Algol
9640,30.9748,42.3297,2.1,Almach
112122,340.6669,-46.8846,2.12,Tiaki
11767,37.9546,89.2641,2.13,Polaris
57632,177.2649,14.5721,2.14,Denebola
45556,139.2725,-59.2752,2.21,Aspidiske
39429,120.8960,-40.0031,2.21,Naos
76267,233.6720,26.7147,2.22,Alphecca
65378,200.9814,54.9254,2.23,Mizar
100453,305.5571,40.2567,2.23,Sadr
44816,136.9990,-43.4326,2.23,Suhail
87833,269.1515,51.4889,2.24,Eltanin
3179,10.1268,56.5373,2.24,Schedar
25930,83.0017,-0.2991,2.25,Mintaka
746,2.2945,59.1498,2.28,Caph
78401,240.0834,-22.6217,2.29,Dschubba
82396,252.5409,-34.2932,2.29,Larawag
53910,165.4603,56.3824,2.34,Merak
72105,221.2468,27.0742,2.35,Izar
107315,326.0465,9.8750,2.38,Enif
2081,6.5709,-42.3061,2.4,Ankaa
58001,178.4577,53.6948,2.41,Phecda
84012,257.5945,-15.7249,2.43,Sabik
113881,345.9436,28.0828,2.44,Scheat
105199,319.6449,62.5856,2.45,Alderamin
35904,111.0238,-29.3031,2.45,Aludra
45941,140.5284,-55.0107,2.47,Markeb
102488,311.5528,33.9703,2.48,Aljanah
113963,346.1902,15.2053,2.49,Markab
14135,45.5699,4.0897,2.54,Menkar
78820,241.3593,-19.8055,2.56,Acrab
54872,168.5271,20.5237,2.56,Zosma
25985,83.1826,-17.8223,2.58,Arneb
59803,183.9515,-17.5419,2.58,Gienah
93506,285.6530,-29.8801,2.6,Ascella
50583,154.9931,19.8415,2.61,Algieba
74785,229.2517,-9.3829,2.61,Zubeneschamali
77070,236.0670,6.4256,2.63,Unukalhai
61359,188.5968,-23.3968,2.65,Kraz
28380,89.9303,37.2126,2.65,Mahasim
26634,84.9123,-34.0741,2.65,Phact
6686,21.4540,60.2353,2.66,Ruchbah
67927,208.6712,18.3977,2.68,Muphrid
23015,74.2484,33.1661,2.69,Hassaleh
85696,262.6910,-37.2958,2.7,Lesath
8903,28.6600,20.8080,2.7,Sheratan
89931,275.2485,-29.8281,2.72,Kaus Media
97278,296.5649,10.6133,2.72,Tarazed
80331,245.9979,61.5142,2.73,Athebyne
79593,243.5864,-3.6943,2.73,Yed Prior
59747,183.7863,-58.7489,2.75,Imai
72622,222.7196,-16.0418,2.75,Zubenelgenubi
86742,265.8681,4.5673,2.76,Cebalrai
23875,76.9624,-5.0864,2.78,Cursa
80816,247.5550,21.4896,2.78,Kornephoros
85670,262.6082,52.3014,2.79,Rastaban
26241,83.8583,-5.9099,2.8,Hatysa
90496,276.9927,-25.4217,2.82,Kaus Borealis
81266,248.9706,-28.2160,2.82,Paikauhale
1067,3.3090,15.1836,2.83,Algenib
25606,82.0613,-20.7594,2.83,Nihal
39757,121.8860,-24.3043,2.83,Tureis
17702,56.8712,24.1051,2.85,Alcyone
107556,326.7602,-16.1273,2.85,Deneb Algedi
63608,195.5442,10.9591,2.85,Vindemiatrix
30343,95.7401,22.5136,2.87,Tejat
13847,44.5653,-40.3047,2.88,Acamar
94141,287.4410,-21.0236,2.88,Albaldah
63125,194.0069,38.3184,2.89,Cor Caroli
78265,239.7130,-26.1141,2.89,Fang
36188,111.7877,8.2893,2.89,Gomeisa
80112,245.2971,-25.5928,2.9,Alniyat
97165,296.2437,45.1308,2.9,Fawaris
106278,322.8897,-5.5712,2.9,Sadalsuud
112158,340.7506,30.2212,2.93,Matar
60965,187.4661,-16.5154,2.94,Algorab
109074,331.4460,-0.3198,2.95,Sadalmelik
26451,84.4112,21.1425,2.97,Tianguan
18543,59.5074,-13.5085,2.97,Zaurak
88635,271.4520,-30.4241,2.98,Alnasl
93747,286.3525,13.8635,2.99,Okab
108085,328.4822,-37.3649,3.0,Aldhanab
75097,230.1822,71.8340,3.0,Pherkad
82514,252.9676,-38.0474,3.0,Xamidimura
30122,95.0783,-30.0634,3.02,Furud
23416,75.4922,43.8233,3.03,Almaaz
71075,218.0195,38.3083,3.04,Seginus
100345,305.2528,-14.7814,3.05,Dabih
32246,100.9830,25.1311,3.06,Mebsuta
50801,155.5822,41.4995,3.06,Tania Australis
94376,288.1388,67.6615,3.07,Altais
84379,258.7580,24.8392,3.12,Sarin
44127,134.8019,48.0418,3.12,Talitha
27628,87.7400,-35.7683,3.12,Wazn
83895,257.1966,65.7147,3.17,Aldhibah
23767,76.6287,41.2345,3.18,Haedus
87261,267.4645,-37.0433,3.19,Fuyue
22449,72.4600,6.9613,3.19,Tabit
116727,354.8367,77.6323,3.21,Errai
106032,322.1650,70.5607,3.23,Alfirk
79882,244.5804,-4.6925,3.23,Yed Posterior
73714,226.0176,-25.2820,3.25,Brachium
93194,284.7359,32.6896,3.25,Sulafat
113136,343.6626,-15.8208,3.27,Skat
75458,231.2324,58.9661,3.29,Edasich
59774,183.8565,57.0326,3.32,Megrez
29655,93.7194,22.5068,3.32,Propus
54879,168.5600,15.4296,3.33,Chertan
32362,101.3224,12.8956,3.35,Alzirr
41704,127.5661,60.7182,3.35,Muscida
8886,28.5989,63.6701,3.35,Segin
95947,292.6804,27.9597,3.37,Albireo
84345,258.6619,14.3903,3.37,Rasalgethi
66249,203.6733,-0.5958,3.38,Heze
26207,83.7845,9.9342,3.39,Meissa
63090,193.9009,3.3975,3.39,Minelauva
112029,340.3655,10.8314,3.41,Homam
8796,28.2705,29.5788,3.42,Mothallah
50335,154.1726,23.4173,3.43,Adhafera
61941,190.4152,-1.4494,3.44,Porrima
38170,117.3236,-24.8598,3.45,Azmidi
50372,154.2741,42.9144,3.45,Tania Borealis
3821,12.2762,57.8152,3.46,Achird
55219,169.6197,33.0943,3.49,Alula Borealis
43109,131.6938,6.4188,3.49,Ashlesha
73555,225.4865,40.3906,3.49,Nekkar
33856,105.4298,-27.9348,3.49,Nganurganity
112748,342.5008,24.6016,3.51,Sadalbari
109427,332.5499,6.1979,3.52,Biham
47508,145.2876,9.8923,3.52,Subra
35550,110.0307,21.9823,3.52,Wasat
20889,67.1542,19.1804,3.53,Ain
17378,55.8121,-9.7634,3.53,Rana
40526,124.1288,9.1855,3.53,Tarf
12706,40.8252,3.2358,3.56,Kaffaljidhma
82545,253.0839,-38.0175,3.56,Pipirima
100064,304.5136,-12.5449,3.58,Algedi
60260,185.3400,-60.4011,3.59,Ginan
7607,24.4982,48.6282,3.59,Nembus
57757,177.6738,1.7647,3.59,Zavijava
92420,282.5200,33.3627,3.6,Sheliak
13209,42.4960,27.2605,3.61,Bharani
17847,57.2906,24.0534,3.62,Atlas
101769,309.3872,14.5951,3.64,Rotanev
20205,64.9483,15.6276,3.65,Prima Hyadum
68756,211.0973,64.3759,3.67,Thuban
2920,9.2429,53.8969,3.69,Fulu
106985,325.0227,-16.6623,3.69,Nashira
23453,75.6195,41.0758,3.69,Saclateni
57399,176.5126,47.7794,3.69,Taiyangshou
98036,298.8283,6.4068,3.71,Alshain
17499,56.2189,24.1133,3.72,Electra
20894,67.1656,15.8709,3.73,Chamukuy
87585,268.3822,56.8726,3.73,Grumium
16537,53.2327,-9.4583,3.73,Ran
8645,27.8651,-10.3350,3.74,Baten Kaitos
13268,42.6742,55.8955,3.77,Miram
102618,311.9190,-9.4958,3.78,Albali
20455,65.7337,17.5425,3.78,Secunda Hyadum
14668,47.3740,44.8575,3.79,Misam
53229,163.3279,34.2149,3.79,Praecipua
21393,68.8877,-30.5623,3.81,Theemin
9487,30.5118,2.7637,3.82,Alrescha
56211,172.8509,69.3311,3.82,Giausar
80883,247.7285,1.9839,3.82,Marfik
7097,22.8709,15.3458,3.83,Alpherg
17448,56.0797,32.2882,3.84,Atik
89341,273.4409,-21.0588,3.84,Polis
14879,48.0189,-28.9876,3.86,Dalim
110395,335.4141,-1.3873,3.86,Sadachbia
101958,309.9095,15.9121,3.86,Sualocin
78104,239.2212,-29.2141,3.87,Iklil
17573,56.4567,24.3678,3.87,Maia
48455,148.1909,26.0070,3.88,Rasalas
13701,44.1069,-8.8981,3.89,Azha
75695,231.9572,29.1057,3.9,Nusakan
47431,144.9640,-1.1428,3.9,Ukdah
76333,233.8816,-14.7895,3.91,Zubenelhakrabi
104987,318.9559,5.2479,3.92,Kitalpha
42911,131.1712,18.1543,3.94,Asellus Australis
95241,290.6596,-44.4590,3.96,Arkab Prior
95347,290.9716,-40.6159,3.96,Rukbat
20535,66.0092,-34.0168,3.97,Beemim
18614,59.7413,35.7910,3.98,Menkib
65477,201.3064,54.9880,3.99,Alcor
34088,106.0272,20.5703,4.01,Mekbuda
59199,182.1034,-24.7289,4.02,Alchiba
21594,69.5451,-14.3040,4.02,Sceptrum
5348,17.0962,-55.2458,4.02,Wurren
101421,308.3032,11.3033,4.03,Aldulfin
19587,62.9664,-6.8376,4.04,Beid
69701,214.0036,-6.0005,4.07,Syrma
53740,164.9436,-18.2988,4.08,Alkes
77450,237.1849,18.1416,4.09,Gudja
7513,24.1993,41.4055,4.09,Titawin
94114,287.3681,-37.9045,4.11,Meridiana
34045,105.9396,-15.6333,4.11,Muliphein
48356,147.8696,-14.8466,4.11,Zhang
17608,56.5816,23.9483,4.14,Merope
44471,135.9064,47.1565,4.16,Alkaphrah
110003,334.2085,-7.7833,4.17,Ancha
69427,213.2239,-10.2737,4.18,Kang
69732,214.0959,46.0883,4.18,Xuange
61317,188.4356,41.3575,4.24,Chara
41075,125.7088,43.1881,4.25,Alsciaukat
44066,134.6218,11.8577,4.26,Acubens
108917,330.9477,64.6280,4.26,Kurhah
95294,290.8047,-44.7998,4.27,Arkab Posterior
8198,26.3485,9.1577,4.29,Torcular
17531,56.3021,24.4673,4.3,Taygeta
75411,231.1226,37.3772,4.31,Alkalurops
46750,142.9301,22.9680,4.32,Alterf
14838,47.9074,19.7267,4.35,Botein
85822,263.0541,86.5865,4.35,Yildun
96757,295.0241,18.0139,4.39,Sham
55203,169.5454,31.5292,4.41,Alula Australis
85693,262.6846,26.1106,4.41,Maasym
115623,351.3449,23.4041,4.42,Alkarab
94481,288.4395,39.1460,4.43,Aladfar
19849,63.8180,-7.6529,4.43,Keid
95771,292.1764,24.6649,4.44,Anser
42402,129.6893,3.3414,4.45,Minchir
113889,345.9692,3.8200,4.48,Fumalsamakah
79374,242.9989,-19.4607,4.5,Jabbah
69974,214.7775,-13.3711,4.52,Khambalia
13061,41.9773,29.2471,4.52,Lilii Borea
80463,246.3540,14.0333,4.57,Cujam
86614,265.4848,72.1488,4.57,Dziban
115250,350.1593,23.7403,4.58,Salm
60129,184.9765,-0.6668,4.6,Zaniah
92946,284.0549,4.2036,4.62,Alya
4422,14.1663,59.1811,4.62,Castula
42806,130.8214,21.4685,4.66,Asellus Borealis 
96100,293.0900,69.6612,4.67,Alsafi
107136,325.5236,51.1896,4.69,Azelfafage
98066,298.9598,-26.2995,4.7,Terebellum
97938,298.5620,8.4615,4.71,Libertas
8832,28.3826,19.2939,4.75,Mesarthim
13288,42.7597,-21.0040,4.76,Angetenar
100310,305.1659,-12.7591,4.77,Alshat
106786,324.4380,-7.8542,4.8,Bunda
15197,48.9584,-8.8197,4.8,Zibal
90344,276.4964,65.5635,4.82,Fafnir
70755,217.0506,-2.2280,4.84,Elgafar
64241,197.4970,17.5294,4.85,Diadem
92761,283.5424,-22.7448,4.86,Ainalrami
6411,20.5851,45.5288,4.87,Adhil
37265,114.7914,34.5843,4.89,Jishui
48615,148.7175,-19.0093,4.94,Felis
29034,91.8818,-37.2529,5.0,Elkurud
79043,242.0189,17.0470,5.0,Marsic
53721,164.8666,40.4303,5.03,Chalawan
111710,339.4391,-4.2281,5.04,Situla
17851,57.2967,24.1367,5.05,Pleione
84405,258.8379,-26.5989,5.07,Guniibuu
86796,266.0363,-51.8341,5.15,Cervantes
5737,18.4329,7.5754,5.21,Revati
116076,352.8226,39.2362,5.22,Veritate
63076,193.8690,65.4385,5.23,Taiyi
40167,123.0532,17.6478,5.24,Tegmine
46471,142.1666,45.6015,5.41,Intercrus
62223,191.2826,45.4403,5.42,La Superba
62423,191.8931,66.7903,5.43,Tianyi
17489,56.2009,24.2895,5.45,Celaeno
104382,317.1952,-88.9565,5.45,Polaris Australis
103527,314.6081,10.8393,5.48,Musica
113357,344.3666,20.7688,5.49,Helvetios
83608,256.3338,54.4701,5.55,Alrakis
44946,137.3397,22.0454,5.7,Nahn
86782,265.9966,53.8017,5.75,Alruba
17579,56.4770,24.5545,5.76,Asterope
72487,222.3278,46.1162,5.76,Merga
58952,181.3130,76.9057,5.8,Tonatiuh
40881,125.1339,24.0223,5.92,Piautos
43587,133.1492,28.3308,5.95,Copernicus
91852,280.9005,36.5566,6.04,Xihe
94645,288.8885,-24.1794,6.25,Gumala
33719,105.0751,-5.3672,6.29,Citalá
42556,130.1125,19.5448,6.29,Meleph
24003,77.4030,69.6394,6.43,Mago
99894,304.0250,4.5808,6.44,Chechia
56508,173.7656,20.4415,6.45,Formosa
10826,34.8366,-2.9776,6.47,Mira
79219,242.5163,26.7427,6.57,Kamuy
84787,259.9642,-48.5493,6.67,Inquill
26380,84.2584,-73.6993,6.69,Bubup
73136,224.2015,74.9009,6.83,Baekdu
80687,247.1173,-13.3996,6.89,Timir
60644,186.4428,-64.0221,6.99,Tupã
6643,21.3021,28.5667,7.12,Bélénos
17096,54.9296,-52.9158,7.12,Tupi
66047,203.1065,-47.2714,7.17,Dofida
12191,39.2580,42.0626,7.28,Buna
83547,256.1286,-43.3098,7.39,Rapeto
108375,329.3327,-37.7636,7.47,Itonda
57291,176.2103,-58.7037,7.47,Uklun
95124,290.2676,-23.6196,7.55,Belel
110813,336.7628,-17.2637,7.6,Lionrock
47087,143.9383,34.7807,7.62,Illyrian
5054,16.1673,-39.4882,7.72,Nenque
3479,11.1110,-26.5157,7.78,Cocibolca
99711,303.4994,-0.8669,7.79,Phoenicia
72845,223.3460,18.2354,7.8,Arcalís
13993,45.0444,-20.8026,7.81,Ayeyarwady
116084,352.8347,-58.2097,7.82,Poerava
95262,290.7208,-32.9191,7.84,Sika
57820,177.8438,57.6407,7.86,Aniara
74961,229.7758,41.7332,7.88,Nikawiy
30860,97.1905,38.9630,7.89,Lucilinburhuc
81022,248.2127,2.0848,7.89,Rosalíadecastro
22491,72.5744,-24.3688,7.91,Mouhoun
90004,275.4574,-11.9227,7.95,Alasia
92895,283.9203,4.2653,8.02,Kaveh
43674,133.4617,33.0568,8.03,Stribor
72339,221.8864,-0.2815,8.04,Mönch
55174,169.4481,-23.9754,8.05,Hunahpú
66192,203.5106,53.7285,8.05,Liesma
31895,100.0072,-48.5420,8.05,Nosaxa
5529,17.6968,-66.1882,8.06,Emiw
57370,176.4262,2.8215,8.07,Flegetonte
30905,97.3050,10.9339,8.1,Lusitânia
32916,102.8772,40.8678,8.1,Nervia
38041,116.9572,-54.2641,8.1,Tapecue
80838,247.6234,38.3473,8.16,Ogma
13192,42.4354,71.7532,8.17,Nushagak
40687,124.5924,61.4607,8.2,Násti
54158,166.1852,-2.5132,8.21,Dingolay
118319,359.9743,-22.4281,8.23,Axólotl
42446,129.8158,12.9604,8.23,Gakyid
47202,144.2993,-43.2722,8.23,Kalausi
52521,161.0871,-33.5770,8.3,Macondo
107251,325.8538,-7.4083,8.34,Bosona
1547,4.8211,14.0548,8.36,Citadelle
21109,67.8561,4.5753,8.38,Hoggar
82651,253.4316,11.9737,8.38,Mahsati
56572,173.9647,-4.7557,8.42,Sagarmatha
48235,147.5104,-49.7903,8.54,Natasha
106824,324.5350,-31.7375,8.56,Sāmaya
114322,347.2947,-2.2607,8.59,Ebla
76351,233.9163,-80.2046,8.71,Karaka
80076,245.1515,41.0481,8.72,Hunor
48711,149.0247,-3.8084,8.73,Bibhā
61177,188.0300,74.4895,8.75,Funi
96078,293.0173,16.4743,8.97,Uruk
29550,93.3986,-29.8973,8.98,Amadioha
55664,171.0723,-1.5291,9.1,Shama
37284,114.8411,-78.2790,9.37,Ceibo
87937,269.4540,4.6683,9.54,Barnard's Star
2247,7.1429,-16.2263,9.62,Felixvarela
88414,270.7789,-28.5607,9.66,Pincoya
104780,318.4000,14.6894,9.78,Solaris
15578,50.1779,-33.7301,9.92,Intan
12961,41.6787,-23.0866,10.25,Koeia
70890,217.4290,-62.6795,11.01,Proxima Centauri 
79431,243.1741,-18.8755,11.34,Sharjah
